{"count":1,"self":27.693590399999998,"total":28.429980399999998,"children":{"InitializeActuators":{"count":10,"self":0.0015195,"total":0.0015195,"children":null},"InitializeSensors":{"count":10,"self":0.0040113,"total":0.0040113,"children":null},"AgentSendState":{"count":1000,"self":0.088638899999999993,"total":0.1299918,"children":{"CollectObservations":{"count":2000,"self":0.0232181,"total":0.0232181,"children":null},"WriteActionMask":{"count":2000,"self":0.001004,"total":0.001004,"children":null},"RequestDecision":{"count":2000,"self":0.017130799999999998,"total":0.017130799999999998,"children":null}}},"DecideAction":{"count":1000,"self":0.53892469999999992,"total":0.54697259999999992,"children":{"RayPerceptionSensor.Perceive":{"count":2800,"self":0.0080479,"total":0.0080479,"children":null}}},"AgentAct":{"count":1000,"self":0.053895399999999996,"total":0.053895399999999996,"children":null}},"gauges":{"StrikerAI.CumulativeReward":{"count":36,"max":-0.000189798258,"min":-0.0467775427,"runningAverage":-0.0166705027,"value":-0.0467775427,"weightedAverage":-0.0303741172},"DefenderAI.CumulativeReward":{"count":36,"max":0.27060017,"min":0.0385,"runningAverage":0.122222371,"value":0.27060017,"weightedAverage":0.20627597},"GoalieAI.CumulativeReward":{"count":18,"max":0.199610487,"min":0.028370833,"runningAverage":0.0900896341,"value":0.198919415,"weightedAverage":0.1200393}},"metadata":{"timer_format_version":"0.1.0","start_time_seconds":"1750336263","unity_version":"6000.1.0f1","command_line_arguments":"C:\\Program Files\\Unity\\Hub\\Editor\\6000.1.0f1\\Editor\\Unity.exe -projectpath D:\\GitHub\\FootBall_ML-Agent -useHub -hubIPC -cloudEnvironment production","communication_protocol_version":"1.5.0","com.unity.ml-agents_version":"3.0.0","scene_name":"StrikersVsGoalie","end_time_seconds":"1750336291"}}